pclass,survived,sex,age,sibsp,parch,fare,boat,body,embarked_Q,embarked_S
1,1,0,29.0,0,0,211.3375,2.0,155.0,False,True
1,1,1,0.9167,1,2,151.55,11.0,155.0,False,True
1,0,0,2.0,1,2,151.55,10.0,155.0,False,True
1,0,1,30.0,1,2,151.55,10.0,135.0,False,True
1,0,0,25.0,1,2,151.55,10.0,155.0,False,True
1,1,1,48.0,0,0,26.55,3.0,155.0,False,True
1,1,0,63.0,1,0,77.9583,10.0,155.0,False,True
1,0,1,39.0,0,0,0.0,10.0,155.0,False,True
1,1,0,53.0,2,0,51.4792,10.0,155.0,False,True
1,0,1,71.0,0,0,49.5042,10.0,22.0,False,False
1,0,1,47.0,1,0,227.525,10.0,124.0,False,False
1,1,0,18.0,1,0,227.525,4.0,155.0,False,False
1,1,0,24.0,0,0,69.3,9.0,155.0,False,False
1,1,0,26.0,0,0,78.85,6.0,155.0,False,True
1,1,1,80.0,0,0,30.0,10.0,155.0,False,True
1,0,1,28.0,0,0,25.925,10.0,155.0,False,True
1,0,1,24.0,0,1,247.5208,10.0,155.0,False,False
1,1,0,50.0,0,1,247.5208,6.0,155.0,False,False
1,1,0,32.0,0,0,76.2917,8.0,155.0,False,False
1,0,1,36.0,0,0,75.2417,10.0,155.0,False,False
1,1,1,37.0,1,1,52.5542,5.0,155.0,False,True
1,1,0,47.0,1,1,52.5542,5.0,155.0,False,True
1,1,1,26.0,0,0,30.0,5.0,155.0,False,False
1,1,0,42.0,0,0,227.525,4.0,155.0,False,False
1,1,0,29.0,0,0,221.7792,8.0,155.0,False,True
1,0,1,25.0,0,0,26.0,10.0,148.0,False,False
1,1,1,25.0,1,0,91.0792,7.0,155.0,False,False
1,1,0,19.0,1,0,91.0792,7.0,155.0,False,False
1,1,0,35.0,0,0,135.6333,8.0,155.0,False,True
1,1,1,28.0,0,0,26.55,10.0,155.0,False,True
1,0,1,45.0,0,0,35.5,10.0,155.0,False,True
1,1,1,40.0,0,0,31.0,7.0,155.0,False,False
1,1,0,30.0,0,0,164.8667,8.0,155.0,False,True
1,1,0,58.0,0,0,26.55,8.0,155.0,False,True
1,0,1,42.0,0,0,26.55,10.0,155.0,False,True
1,1,0,45.0,0,0,262.375,4.0,155.0,False,False
1,1,0,22.0,0,1,55.0,6.0,155.0,False,True
1,1,1,28.0,0,0,26.55,9.0,155.0,False,True
1,0,1,41.0,0,0,30.5,10.0,155.0,False,True
1,0,1,48.0,0,0,50.4958,10.0,208.0,False,False
1,0,1,28.0,0,0,39.6,10.0,155.0,False,False
1,1,0,44.0,0,0,27.7208,6.0,155.0,False,False
1,1,0,59.0,2,0,51.4792,10.0,155.0,False,True
1,1,0,60.0,0,0,76.2917,8.0,155.0,False,False
1,1,0,41.0,0,0,134.5,3.0,155.0,False,False
1,0,1,45.0,0,0,26.55,10.0,155.0,False,True
1,0,1,28.0,0,0,31.0,10.0,155.0,False,True
1,1,1,42.0,0,0,26.2875,5.0,155.0,False,True
1,1,0,53.0,0,0,27.4458,6.0,155.0,False,False
1,1,1,36.0,0,1,512.3292,3.0,155.0,False,False
1,1,0,58.0,0,1,512.3292,3.0,155.0,False,False
1,0,1,33.0,0,0,5.0,10.0,155.0,False,True
1,0,1,28.0,0,0,47.1,10.0,155.0,False,True
1,0,1,17.0,0,0,47.1,10.0,155.0,False,True
1,1,1,11.0,1,2,120.0,4.0,155.0,False,True
1,1,0,14.0,1,2,120.0,4.0,155.0,False,True
1,1,1,36.0,1,2,120.0,10.0,155.0,False,True
1,1,0,36.0,1,2,120.0,4.0,155.0,False,True
1,0,1,49.0,0,0,26.0,10.0,155.0,False,True
1,1,0,28.0,0,0,27.7208,5.0,155.0,False,False
1,0,1,36.0,1,0,78.85,10.0,172.0,False,True
1,1,0,76.0,1,0,78.85,6.0,155.0,False,True
1,0,1,46.0,1,0,61.175,10.0,155.0,False,True
1,1,0,47.0,1,0,61.175,4.0,155.0,False,True
1,1,1,27.0,1,0,53.1,5.0,155.0,False,True
1,1,0,33.0,1,0,53.1,5.0,155.0,False,True
1,1,0,36.0,0,0,262.375,4.0,155.0,False,False
1,1,0,30.0,0,0,86.5,8.0,155.0,False,True
1,1,1,45.0,0,0,29.7,7.0,155.0,False,False
1,1,0,28.0,0,1,55.0,6.0,155.0,False,True
1,0,1,28.0,0,0,0.0,10.0,155.0,False,True
1,0,1,27.0,1,0,136.7792,10.0,155.0,False,False
1,1,0,26.0,1,0,136.7792,4.0,155.0,False,False
1,1,0,22.0,0,0,151.55,11.0,155.0,False,True
1,0,1,28.0,0,0,52.0,10.0,155.0,False,True
1,0,1,47.0,0,0,25.5875,10.0,155.0,False,True
1,1,0,39.0,1,1,83.1583,14.0,155.0,False,False
1,0,1,37.0,1,1,83.1583,10.0,155.0,False,False
1,1,0,64.0,0,2,83.1583,14.0,155.0,False,False
1,1,0,55.0,2,0,25.7,2.0,155.0,False,True
1,0,1,28.0,0,0,26.55,10.0,155.0,False,True
1,0,1,70.0,1,1,71.0,10.0,269.0,False,True
1,1,0,36.0,0,2,71.0,7.0,155.0,False,True
1,1,0,64.0,1,1,26.55,7.0,155.0,False,True
1,0,1,39.0,1,0,71.2833,10.0,155.0,False,False
1,1,0,38.0,1,0,71.2833,4.0,155.0,False,False
1,1,1,51.0,0,0,26.55,10.0,155.0,False,True
1,1,1,27.0,0,0,30.5,3.0,155.0,False,True
1,1,0,33.0,0,0,151.55,8.0,155.0,False,True
1,0,1,31.0,1,0,52.0,10.0,155.0,False,True
1,1,0,27.0,1,2,52.0,3.0,155.0,False,True
1,1,1,31.0,1,0,57.0,3.0,155.0,False,True
1,1,0,17.0,1,0,57.0,3.0,155.0,False,True
1,1,1,53.0,1,1,81.8583,13.0,155.0,False,True
1,1,1,4.0,0,2,81.8583,5.0,155.0,False,True
1,1,0,54.0,1,1,81.8583,5.0,155.0,False,True
1,0,1,50.0,1,0,106.425,10.0,62.0,False,False
1,1,0,27.0,1,1,247.5208,6.0,155.0,False,False
1,1,0,48.0,1,0,106.425,2.0,155.0,False,False
1,1,0,48.0,1,0,39.6,1.0,155.0,False,False
1,1,1,49.0,1,0,56.9292,1.0,155.0,False,False
1,0,1,39.0,0,0,29.7,10.0,133.0,False,False
1,1,0,23.0,0,1,83.1583,7.0,155.0,False,False
1,1,0,38.0,0,0,227.525,4.0,155.0,False,False
1,1,0,54.0,1,0,78.2667,4.0,155.0,False,False
1,0,0,36.0,0,0,31.6792,10.0,155.0,False,False
1,0,1,28.0,0,0,221.7792,10.0,155.0,False,True
1,1,0,28.0,0,0,31.6833,7.0,155.0,False,True
1,1,0,28.0,0,0,110.8833,4.0,155.0,False,False
1,1,1,36.0,0,0,26.3875,5.0,155.0,False,True
1,0,1,30.0,0,0,27.75,10.0,155.0,False,False
1,1,0,24.0,3,2,263.0,10.0,155.0,False,True
1,1,0,28.0,3,2,263.0,10.0,155.0,False,True
1,1,0,23.0,3,2,263.0,10.0,155.0,False,True
1,0,1,19.0,3,2,263.0,10.0,155.0,False,True
1,0,1,64.0,1,4,263.0,10.0,155.0,False,True
1,1,0,60.0,1,4,263.0,10.0,155.0,False,True
1,1,0,30.0,0,0,56.9292,1.0,155.0,False,False
1,0,1,28.0,0,0,26.55,10.0,155.0,False,True
1,1,1,50.0,2,0,133.65,5.0,155.0,False,True
1,1,1,43.0,1,0,27.7208,5.0,155.0,False,False
1,1,0,28.0,1,0,133.65,5.0,155.0,False,True
1,1,0,22.0,0,2,49.5,5.0,155.0,False,False
1,1,1,60.0,1,1,79.2,5.0,155.0,False,False
1,1,0,48.0,1,1,79.2,5.0,155.0,False,False
1,0,1,28.0,0,0,0.0,10.0,155.0,False,True
1,0,1,37.0,1,0,53.1,10.0,155.0,False,True
1,1,0,35.0,1,0,53.1,10.0,155.0,False,True
1,0,1,47.0,0,0,38.5,10.0,275.0,False,True
1,1,0,35.0,0,0,211.5,4.0,155.0,False,False
1,1,0,22.0,0,1,59.4,7.0,155.0,False,False
1,1,0,45.0,0,1,59.4,7.0,155.0,False,False
1,0,1,24.0,0,0,79.2,10.0,155.0,False,False
1,1,1,49.0,1,0,89.1042,5.0,155.0,False,False
1,1,0,28.0,1,0,89.1042,5.0,155.0,False,False
1,0,1,71.0,0,0,34.6542,10.0,155.0,False,False
1,1,1,53.0,0,0,28.5,10.0,155.0,False,False
1,1,0,19.0,0,0,30.0,3.0,155.0,False,True
1,0,1,38.0,0,1,153.4625,10.0,147.0,False,True
1,1,0,58.0,0,1,153.4625,3.0,155.0,False,True
1,1,1,23.0,0,1,63.3583,7.0,155.0,False,False
1,1,0,45.0,0,1,63.3583,7.0,155.0,False,False
1,0,1,46.0,0,0,79.2,10.0,155.0,False,False
1,1,1,25.0,1,0,55.4417,5.0,155.0,False,False
1,1,0,25.0,1,0,55.4417,5.0,155.0,False,False
1,1,1,48.0,1,0,76.7292,3.0,155.0,False,False
1,1,0,49.0,1,0,76.7292,3.0,155.0,False,False
1,0,1,28.0,0,0,42.4,10.0,155.0,False,True
1,0,1,45.0,1,0,83.475,10.0,155.0,False,True
1,1,0,35.0,1,0,83.475,10.0,155.0,False,True
1,0,1,40.0,0,0,0.0,10.0,110.0,False,True
1,1,1,27.0,0,0,76.7292,3.0,155.0,False,False
1,1,1,28.0,0,0,30.0,3.0,155.0,False,True
1,1,0,24.0,0,0,83.1583,7.0,155.0,False,False
1,0,1,55.0,1,1,93.5,10.0,307.0,False,True
1,1,0,52.0,1,1,93.5,3.0,155.0,False,True
1,0,1,42.0,0,0,42.5,10.0,155.0,False,True
1,0,1,28.0,0,0,51.8625,10.0,155.0,False,True
1,0,1,55.0,0,0,50.0,10.0,155.0,False,True
1,1,0,16.0,0,1,57.9792,4.0,155.0,False,False
1,1,0,44.0,0,1,57.9792,4.0,155.0,False,False
1,1,0,51.0,1,0,77.9583,10.0,155.0,False,True
1,0,1,42.0,1,0,52.0,10.0,38.0,False,True
1,1,0,35.0,1,0,52.0,8.0,155.0,False,True
1,1,1,35.0,0,0,26.55,15.0,155.0,False,False
1,1,1,38.0,1,0,90.0,10.0,155.0,False,True
1,0,1,28.0,0,0,30.6958,14.0,155.0,False,False
1,1,0,35.0,1,0,90.0,10.0,155.0,False,True
1,1,0,38.0,0,0,80.0,6.0,155.0,False,False
1,0,0,50.0,0,0,28.7125,10.0,155.0,False,False
1,1,1,49.0,0,0,0.0,10.0,155.0,False,True
1,0,1,46.0,0,0,26.0,10.0,80.0,False,True
1,0,1,50.0,0,0,26.0,10.0,155.0,False,True
1,0,1,32.5,0,0,211.5,10.0,45.0,False,False
1,0,1,58.0,0,0,29.7,10.0,258.0,False,False
1,0,1,41.0,1,0,51.8625,10.0,155.0,False,True
1,1,0,28.0,1,0,51.8625,8.0,155.0,False,True
1,1,1,42.0,1,0,52.5542,5.0,155.0,False,True
1,1,0,45.0,1,0,52.5542,5.0,155.0,False,True
1,0,1,28.0,0,0,26.55,10.0,155.0,False,True
1,1,0,39.0,0,0,211.3375,2.0,155.0,False,True
1,1,0,49.0,0,0,25.9292,8.0,155.0,False,True
1,1,0,30.0,0,0,106.425,2.0,155.0,False,False
1,1,1,35.0,0,0,512.3292,3.0,155.0,False,False
1,0,1,28.0,0,0,27.7208,10.0,155.0,False,False
1,0,1,42.0,0,0,26.55,10.0,155.0,False,True
1,1,0,55.0,0,0,27.7208,6.0,155.0,False,False
1,1,0,16.0,0,1,39.4,9.0,155.0,False,True
1,1,0,51.0,0,1,39.4,9.0,155.0,False,True
1,0,1,29.0,0,0,30.0,10.0,126.0,False,True
1,1,0,21.0,0,0,77.9583,10.0,155.0,False,True
1,0,1,30.0,0,0,45.5,10.0,155.0,False,True
1,1,0,58.0,0,0,146.5208,10.0,155.0,False,False
1,1,0,15.0,0,1,211.3375,2.0,155.0,False,True
1,0,1,30.0,0,0,26.0,10.0,155.0,False,True
1,1,0,16.0,0,0,86.5,8.0,155.0,False,True
1,1,1,28.0,0,0,29.7,7.0,155.0,False,False
1,0,1,19.0,1,0,53.1,10.0,155.0,False,True
1,1,0,18.0,1,0,53.1,10.0,155.0,False,True
1,1,0,24.0,0,0,49.5042,6.0,155.0,False,False
1,0,1,46.0,0,0,75.2417,10.0,292.0,False,False
1,0,1,54.0,0,0,51.8625,10.0,175.0,False,True
1,1,1,36.0,0,0,26.2875,7.0,155.0,False,True
1,0,1,28.0,1,0,82.1708,10.0,155.0,False,False
1,1,0,28.0,1,0,82.1708,6.0,155.0,False,False
1,0,1,65.0,0,0,26.55,10.0,249.0,False,True
1,0,1,44.0,2,0,90.0,10.0,230.0,True,False
1,1,0,33.0,1,0,90.0,14.0,155.0,True,False
1,1,0,37.0,1,0,90.0,14.0,155.0,True,False
1,1,1,30.0,1,0,57.75,11.0,155.0,False,False
1,0,1,55.0,0,0,30.5,10.0,155.0,False,True
1,0,1,47.0,0,0,42.4,10.0,155.0,False,True
1,0,1,37.0,0,1,29.7,10.0,155.0,False,False
1,1,0,31.0,1,0,113.275,6.0,155.0,False,False
1,1,0,23.0,1,0,113.275,6.0,155.0,False,False
1,0,1,58.0,0,2,113.275,10.0,122.0,False,False
1,1,0,19.0,0,2,26.2833,5.0,155.0,False,True
1,0,1,64.0,0,0,26.0,10.0,263.0,False,True
1,1,0,39.0,0,0,108.9,8.0,155.0,False,False
1,1,1,28.0,0,0,25.7417,7.0,155.0,False,False
1,1,0,22.0,0,1,61.9792,5.0,155.0,False,False
1,0,1,65.0,0,1,61.9792,10.0,234.0,False,False
1,0,1,28.5,0,0,27.7208,10.0,189.0,False,False
1,0,1,28.0,0,0,0.0,10.0,155.0,False,True
1,0,1,45.5,0,0,28.5,10.0,166.0,False,True
1,0,1,23.0,0,0,93.5,10.0,155.0,False,True
1,0,1,29.0,1,0,66.6,10.0,155.0,False,True
1,1,0,22.0,1,0,66.6,8.0,155.0,False,True
1,0,1,18.0,1,0,108.9,10.0,155.0,False,False
1,1,0,17.0,1,0,108.9,8.0,155.0,False,False
1,1,0,30.0,0,0,93.5,3.0,155.0,False,True
1,1,1,52.0,0,0,30.5,6.0,155.0,False,True
1,0,1,47.0,0,0,52.0,10.0,207.0,False,True
1,1,0,56.0,0,1,83.1583,7.0,155.0,False,False
1,0,1,38.0,0,0,0.0,10.0,155.0,False,True
1,1,1,28.0,0,0,39.6,10.0,155.0,False,True
1,0,1,22.0,0,0,135.6333,10.0,232.0,False,False
1,0,1,28.0,0,0,227.525,10.0,155.0,False,False
1,1,0,43.0,0,1,211.3375,2.0,155.0,False,True
1,0,1,31.0,0,0,50.4958,10.0,155.0,False,True
1,1,1,45.0,0,0,26.55,9.0,155.0,False,True
1,0,1,28.0,0,0,50.0,10.0,155.0,False,True
1,1,0,33.0,0,0,27.7208,11.0,155.0,False,False
1,0,1,46.0,0,0,79.2,10.0,16.0,False,False
1,0,1,36.0,0,0,40.125,10.0,155.0,False,False
1,1,0,33.0,0,0,86.5,8.0,155.0,False,True
1,0,1,55.0,1,0,59.4,10.0,155.0,False,False
1,1,0,54.0,1,0,59.4,6.0,155.0,False,False
1,0,1,33.0,0,0,26.55,10.0,109.0,False,True
1,1,1,13.0,2,2,262.375,4.0,155.0,False,False
1,1,0,18.0,2,2,262.375,4.0,155.0,False,False
1,1,0,21.0,2,2,262.375,4.0,155.0,False,False
1,0,1,61.0,1,3,262.375,10.0,155.0,False,False
1,1,0,48.0,1,3,262.375,4.0,155.0,False,False
1,1,1,28.0,0,0,30.5,3.0,155.0,False,True
1,1,0,24.0,0,0,69.3,9.0,155.0,False,False
1,1,1,28.0,0,0,26.0,1.0,155.0,False,True
1,1,0,35.0,1,0,57.75,11.0,155.0,False,False
1,1,0,30.0,0,0,31.0,4.0,155.0,False,False
1,1,1,34.0,0,0,26.55,7.0,155.0,False,True
1,1,0,40.0,0,0,153.4625,3.0,155.0,False,True
1,1,1,35.0,0,0,26.2875,5.0,155.0,False,True
1,0,1,50.0,1,0,55.9,10.0,155.0,False,True
1,1,0,39.0,1,0,55.9,11.0,155.0,False,True
1,1,1,56.0,0,0,35.5,3.0,155.0,False,False
1,1,1,28.0,0,0,35.5,7.0,155.0,False,True
1,0,1,56.0,0,0,26.55,10.0,155.0,False,True
1,0,1,56.0,0,0,30.6958,10.0,155.0,False,False
1,0,1,24.0,1,0,60.0,10.0,155.0,False,True
1,0,1,28.0,0,0,26.0,10.0,155.0,False,True
1,1,0,18.0,1,0,60.0,6.0,155.0,False,True
1,1,1,24.0,1,0,82.2667,7.0,155.0,False,True
1,1,0,23.0,1,0,82.2667,7.0,155.0,False,True
1,1,1,6.0,0,2,134.5,3.0,155.0,False,False
1,1,1,45.0,1,1,134.5,3.0,155.0,False,False
1,1,0,40.0,1,1,134.5,3.0,155.0,False,False
1,0,1,57.0,1,0,146.5208,10.0,155.0,False,False
1,1,0,28.0,1,0,146.5208,6.0,155.0,False,False
1,1,1,32.0,0,0,30.5,3.0,155.0,False,False
1,0,1,62.0,0,0,26.55,10.0,155.0,False,True
1,1,1,54.0,1,0,55.4417,1.0,155.0,False,False
1,1,0,43.0,1,0,55.4417,5.0,155.0,False,False
1,1,0,52.0,1,0,78.2667,4.0,155.0,False,False
1,0,1,28.0,0,0,27.7208,10.0,155.0,False,False
1,1,0,62.0,0,0,80.0,6.0,155.0,False,False
1,0,1,67.0,1,0,221.7792,10.0,96.0,False,True
1,0,0,63.0,1,0,221.7792,10.0,155.0,False,True
1,0,1,61.0,0,0,32.3208,10.0,46.0,False,True
1,1,0,48.0,0,0,25.9292,8.0,155.0,False,True
1,1,0,18.0,0,2,79.65,8.0,155.0,False,True
1,0,1,52.0,1,1,79.65,10.0,155.0,False,True
1,1,0,39.0,1,1,79.65,8.0,155.0,False,True
1,1,1,48.0,1,0,52.0,10.0,155.0,False,True
1,1,0,28.0,1,0,52.0,10.0,155.0,False,True
1,0,1,49.0,1,1,110.8833,10.0,155.0,False,False
1,1,1,17.0,0,2,110.8833,10.0,155.0,False,False
1,1,0,39.0,1,1,110.8833,4.0,155.0,False,False
1,1,0,28.0,0,0,79.2,10.0,155.0,False,False
1,1,1,31.0,0,0,28.5375,7.0,155.0,False,False
1,0,1,40.0,0,0,27.7208,10.0,155.0,False,False
1,0,1,61.0,0,0,33.5,10.0,245.0,False,True
1,0,1,47.0,0,0,34.0208,10.0,155.0,False,True
1,1,0,35.0,0,0,512.3292,3.0,155.0,False,False
1,0,1,64.0,1,0,75.25,10.0,155.0,False,False
1,1,0,60.0,1,0,75.25,5.0,155.0,False,False
1,0,1,60.0,0,0,26.55,10.0,155.0,False,True
1,0,1,54.0,0,1,77.2875,10.0,155.0,False,True
1,0,1,21.0,0,1,77.2875,10.0,169.0,False,True
1,1,0,55.0,0,0,135.6333,8.0,155.0,False,False
1,1,0,31.0,0,2,164.8667,8.0,155.0,False,True
1,0,1,57.0,1,1,164.8667,10.0,155.0,False,True
1,1,0,45.0,1,1,164.8667,8.0,155.0,False,True
1,0,1,50.0,1,1,211.5,10.0,155.0,False,False
1,0,1,27.0,0,2,211.5,10.0,155.0,False,False
1,1,0,50.0,1,1,211.5,4.0,155.0,False,False
1,1,0,21.0,0,0,26.55,10.0,155.0,False,True
1,0,1,51.0,0,1,61.3792,10.0,155.0,False,False
1,1,1,21.0,0,1,61.3792,10.0,155.0,False,False
1,0,1,28.0,0,0,35.0,10.0,155.0,False,True
1,1,0,31.0,0,0,134.5,3.0,155.0,False,False
1,1,1,28.0,0,0,35.5,10.0,155.0,False,True
1,0,1,62.0,0,0,26.55,10.0,155.0,False,True
1,1,0,36.0,0,0,135.6333,8.0,155.0,False,False
2,0,1,30.0,1,0,24.0,10.0,155.0,False,False
2,1,0,28.0,1,0,24.0,10.0,155.0,False,False
2,0,1,30.0,0,0,13.0,10.0,155.0,False,True
2,0,1,18.0,0,0,11.5,10.0,155.0,False,True
2,0,1,25.0,0,0,10.5,10.0,155.0,False,True
2,0,1,34.0,1,0,26.0,10.0,155.0,False,True
2,1,0,36.0,1,0,26.0,11.0,155.0,False,True
2,0,1,57.0,0,0,13.0,10.0,155.0,False,True
2,0,1,18.0,0,0,11.5,10.0,155.0,False,True
2,0,1,23.0,0,0,10.5,10.0,155.0,False,True
2,1,0,36.0,0,0,13.0,10.0,155.0,False,True
2,0,1,28.0,0,0,10.5,10.0,155.0,False,True
2,0,1,51.0,0,0,12.525,10.0,174.0,False,True
2,1,1,32.0,1,0,26.0,13.0,155.0,False,True
2,1,0,19.0,1,0,26.0,13.0,155.0,False,True
2,0,1,28.0,0,0,26.0,10.0,155.0,False,True
2,1,1,1.0,2,1,39.0,11.0,155.0,False,True
2,1,0,4.0,2,1,39.0,11.0,155.0,False,True
2,1,0,12.0,2,1,39.0,13.0,155.0,False,True
2,1,0,36.0,0,3,39.0,11.0,155.0,False,True
2,1,1,34.0,0,0,13.0,13.0,155.0,False,True
2,1,0,19.0,0,0,13.0,12.0,155.0,False,True
2,0,1,23.0,0,0,13.0,10.0,155.0,False,True
2,0,1,26.0,0,0,13.0,10.0,155.0,False,True
2,0,1,42.0,0,0,13.0,10.0,155.0,False,True
2,0,1,27.0,0,0,13.0,10.0,155.0,False,True
2,1,0,24.0,0,0,13.0,11.0,155.0,False,True
2,1,0,15.0,0,2,39.0,14.0,155.0,False,True
2,0,1,60.0,1,1,39.0,10.0,155.0,False,True
2,1,0,40.0,1,1,39.0,14.0,155.0,False,True
2,1,0,20.0,1,0,26.0,12.0,155.0,False,True
2,0,1,25.0,1,0,26.0,10.0,155.0,False,True
2,1,0,36.0,0,0,13.0,9.0,155.0,False,True
2,0,1,25.0,0,0,13.0,10.0,97.0,False,True
2,0,1,42.0,0,0,13.0,10.0,155.0,False,True
2,1,0,42.0,0,0,13.0,10.0,155.0,False,True
2,1,1,0.8333,0,2,29.0,13.0,155.0,False,True
2,1,1,26.0,1,1,29.0,13.0,155.0,False,True
2,1,0,22.0,1,1,29.0,13.0,155.0,False,True
2,1,0,35.0,0,0,21.0,14.0,155.0,False,True
2,0,1,28.0,0,0,0.0,10.0,155.0,False,True
2,0,1,19.0,0,0,13.0,10.0,18.0,False,True
2,0,0,44.0,1,0,26.0,10.0,155.0,False,True
2,0,1,54.0,1,0,26.0,10.0,155.0,False,True
2,0,1,52.0,0,0,13.5,10.0,130.0,False,True
2,0,1,37.0,1,0,26.0,10.0,17.0,False,True
2,0,0,29.0,1,0,26.0,10.0,155.0,False,True
2,1,0,25.0,1,1,30.0,12.0,155.0,False,True
2,1,0,45.0,0,2,30.0,12.0,155.0,False,True
2,0,1,29.0,1,0,26.0,10.0,155.0,False,True
2,1,0,28.0,1,0,26.0,14.0,155.0,False,True
2,0,1,29.0,0,0,10.5,10.0,155.0,False,True
2,0,1,28.0,0,0,13.0,10.0,155.0,False,True
2,1,1,24.0,0,0,10.5,9.0,155.0,False,True
2,1,0,8.0,0,2,26.25,14.0,155.0,False,True
2,0,1,31.0,1,1,26.25,10.0,155.0,False,True
2,1,0,31.0,1,1,26.25,14.0,155.0,False,True
2,1,0,22.0,0,0,10.5,14.0,155.0,False,True
2,0,0,30.0,0,0,13.0,10.0,155.0,False,True
2,0,0,28.0,0,0,21.0,10.0,155.0,False,True
2,0,1,21.0,0,0,11.5,10.0,155.0,False,True
2,0,1,28.0,0,0,0.0,10.0,155.0,False,True
2,1,1,8.0,1,1,36.75,14.0,155.0,False,True
2,0,1,18.0,0,0,73.5,10.0,155.0,False,True
2,1,0,48.0,0,2,36.75,14.0,155.0,False,True
2,1,0,28.0,0,0,13.0,13.0,155.0,False,True
2,0,1,32.0,0,0,13.0,10.0,155.0,False,True
2,0,1,17.0,0,0,73.5,10.0,155.0,False,True
2,0,1,29.0,1,0,27.7208,10.0,295.0,False,False
2,1,0,24.0,1,0,27.7208,12.0,155.0,False,False
2,0,1,25.0,0,0,31.5,10.0,155.0,False,True
2,0,1,18.0,0,0,73.5,10.0,155.0,False,True
2,1,0,18.0,0,1,23.0,10.0,155.0,False,True
2,1,0,34.0,0,1,23.0,10.0,155.0,False,True
2,0,1,54.0,0,0,26.0,10.0,155.0,False,True
2,1,1,8.0,0,2,32.5,10.0,155.0,False,True
2,0,1,42.0,1,1,32.5,10.0,155.0,False,True
2,1,0,34.0,1,1,32.5,10.0,155.0,False,True
2,1,0,27.0,1,0,13.8583,12.0,155.0,False,False
2,1,0,30.0,1,0,13.8583,12.0,155.0,False,False
2,0,1,23.0,0,0,13.0,10.0,155.0,False,True
2,0,1,21.0,0,0,13.0,10.0,155.0,False,True
2,0,1,18.0,0,0,13.0,10.0,155.0,False,True
2,0,1,40.0,1,0,26.0,10.0,286.0,False,True
2,1,0,29.0,1,0,26.0,16.0,155.0,False,True
2,0,1,18.0,0,0,10.5,10.0,155.0,False,True
2,0,1,36.0,0,0,13.0,10.0,236.0,False,True
2,0,1,28.0,0,0,0.0,10.0,155.0,False,True
2,0,0,38.0,0,0,13.0,10.0,155.0,False,True
2,0,1,35.0,0,0,26.0,10.0,322.0,False,True
2,0,1,38.0,1,0,21.0,10.0,155.0,False,True
2,0,1,34.0,1,0,21.0,10.0,155.0,False,True
2,1,0,34.0,0,0,13.0,12.0,155.0,False,True
2,0,1,16.0,0,0,26.0,10.0,155.0,False,True
2,0,1,26.0,0,0,10.5,10.0,155.0,False,True
2,0,1,47.0,0,0,10.5,10.0,155.0,False,True
2,0,1,21.0,1,0,11.5,10.0,155.0,False,True
2,0,1,21.0,1,0,11.5,10.0,155.0,False,True
2,0,1,24.0,0,0,13.5,10.0,297.0,False,True
2,0,1,24.0,0,0,13.0,10.0,155.0,False,True
2,0,1,34.0,0,0,13.0,10.0,155.0,False,True
2,0,1,30.0,0,0,13.0,10.0,305.0,False,True
2,0,1,52.0,0,0,13.0,10.0,19.0,False,True
2,0,1,30.0,0,0,13.0,10.0,75.0,False,True
2,1,1,0.6667,1,1,14.5,4.0,155.0,False,True
2,1,0,24.0,0,2,14.5,4.0,155.0,False,True
2,0,1,44.0,0,0,13.0,10.0,35.0,False,True
2,1,0,6.0,0,1,33.0,11.0,155.0,False,True
2,0,1,28.0,0,1,33.0,10.0,155.0,False,True
2,1,1,62.0,0,0,10.5,15.0,155.0,False,True
2,0,1,30.0,0,0,10.5,10.0,155.0,False,True
2,1,0,7.0,0,2,26.25,14.0,155.0,False,True
2,0,1,43.0,1,1,26.25,10.0,155.0,False,True
2,1,0,45.0,1,1,26.25,14.0,155.0,False,True
2,1,0,24.0,1,2,65.0,9.0,155.0,False,True
2,1,0,24.0,1,2,65.0,9.0,155.0,False,True
2,0,1,49.0,1,2,65.0,10.0,155.0,False,True
2,1,0,48.0,1,2,65.0,9.0,155.0,False,True
2,1,0,55.0,0,0,16.0,13.0,155.0,False,True
2,0,1,24.0,2,0,73.5,10.0,155.0,False,True
2,0,1,32.0,2,0,73.5,10.0,256.0,False,True
2,0,1,21.0,2,0,73.5,10.0,155.0,False,True
2,0,0,18.0,1,1,13.0,10.0,155.0,False,True
2,1,0,20.0,2,1,23.0,4.0,155.0,False,True
2,0,1,23.0,2,1,11.5,10.0,155.0,False,True
2,0,1,36.0,0,0,13.0,10.0,155.0,False,True
2,1,0,54.0,1,3,23.0,4.0,155.0,False,True
2,0,1,50.0,0,0,13.0,10.0,149.0,False,True
2,0,1,44.0,1,0,26.0,10.0,155.0,False,True
2,1,0,29.0,1,0,26.0,10.0,155.0,False,True
2,0,1,21.0,0,0,73.5,10.0,155.0,False,True
2,1,1,42.0,0,0,13.0,10.0,155.0,False,True
2,0,1,63.0,1,0,26.0,10.0,155.0,False,True
2,0,0,60.0,1,0,26.0,10.0,155.0,False,True
2,0,1,33.0,0,0,12.275,10.0,155.0,False,True
2,1,0,17.0,0,0,10.5,10.0,155.0,False,True
2,0,1,42.0,1,0,27.0,10.0,155.0,False,True
2,1,0,24.0,2,1,27.0,12.0,155.0,False,True
2,0,1,47.0,0,0,15.0,10.0,155.0,False,True
2,0,1,24.0,2,0,31.5,10.0,155.0,False,True
2,0,1,22.0,2,0,31.5,10.0,155.0,False,True
2,0,1,32.0,0,0,10.5,10.0,155.0,False,True
2,1,0,23.0,0,0,13.7917,11.0,155.0,False,False
2,0,1,34.0,1,0,26.0,10.0,283.0,False,True
2,1,0,24.0,1,0,26.0,12.0,155.0,False,True
2,0,0,22.0,0,0,21.0,10.0,155.0,False,True
2,1,0,28.0,0,0,12.35,10.0,155.0,True,False
2,0,1,35.0,0,0,12.35,10.0,155.0,True,False
2,1,0,45.0,0,0,13.5,9.0,155.0,False,True
2,0,1,57.0,0,0,12.35,10.0,155.0,True,False
2,0,1,28.0,0,0,0.0,10.0,155.0,False,True
2,0,1,31.0,0,0,10.5,10.0,165.0,False,True
2,0,0,26.0,1,1,26.0,10.0,155.0,False,True
2,0,1,30.0,1,1,26.0,10.0,155.0,False,True
2,0,1,28.0,0,0,10.7083,10.0,155.0,True,False
2,1,0,1.0,1,2,41.5792,14.0,155.0,False,False
2,1,0,3.0,1,2,41.5792,14.0,155.0,False,False
2,0,1,25.0,1,2,41.5792,10.0,155.0,False,False
2,1,0,22.0,1,2,41.5792,14.0,155.0,False,False
2,1,0,17.0,0,0,12.0,12.0,155.0,False,False
2,1,0,28.0,0,0,33.0,11.0,155.0,False,True
2,1,0,34.0,0,0,10.5,14.0,155.0,False,True
2,0,1,36.0,0,0,12.875,10.0,155.0,False,False
2,0,1,24.0,0,0,10.5,10.0,108.0,False,True
2,0,1,61.0,0,0,12.35,10.0,155.0,True,False
2,0,1,50.0,1,0,26.0,10.0,121.0,False,True
2,1,0,42.0,1,0,26.0,10.0,155.0,False,True
2,0,0,57.0,0,0,10.5,10.0,52.0,False,True
2,0,1,28.0,0,0,15.0458,10.0,155.0,False,False
2,1,1,1.0,0,2,37.0042,10.0,155.0,False,False
2,0,1,31.0,1,1,37.0042,10.0,155.0,False,False
2,1,0,24.0,1,1,37.0042,10.0,155.0,False,False
2,0,1,28.0,0,0,15.5792,10.0,155.0,False,False
2,0,1,30.0,0,0,13.0,10.0,155.0,False,True
2,0,1,40.0,0,0,16.0,10.0,155.0,False,True
2,0,1,32.0,0,0,13.5,10.0,209.0,False,True
2,0,1,30.0,0,0,13.0,10.0,155.0,False,True
2,0,1,46.0,0,0,26.0,10.0,155.0,False,True
2,1,0,13.0,0,1,19.5,14.0,155.0,False,True
2,1,0,41.0,0,1,19.5,14.0,155.0,False,True
2,1,1,19.0,0,0,10.5,10.0,155.0,False,True
2,0,1,39.0,0,0,13.0,10.0,155.0,False,True
2,0,1,48.0,0,0,13.0,10.0,271.0,False,True
2,0,1,70.0,0,0,10.5,10.0,155.0,False,True
2,0,1,27.0,0,0,13.0,10.0,155.0,False,True
2,0,1,54.0,0,0,14.0,10.0,155.0,False,True
2,0,1,39.0,0,0,26.0,10.0,155.0,False,True
2,0,1,16.0,0,0,10.5,10.0,155.0,False,True
2,0,1,62.0,0,0,9.6875,10.0,155.0,True,False
2,0,1,32.5,1,0,30.0708,10.0,43.0,False,False
2,1,0,14.0,1,0,30.0708,10.0,155.0,False,False
2,1,1,2.0,1,1,26.0,10.0,155.0,False,True
2,1,1,3.0,1,1,26.0,10.0,155.0,False,True
2,0,1,36.5,0,2,26.0,10.0,15.0,False,True
2,0,1,26.0,0,0,13.0,10.0,155.0,False,True
2,0,1,19.0,1,1,36.75,10.0,101.0,False,True
2,0,1,28.0,0,0,13.5,10.0,287.0,False,True
2,1,1,20.0,0,0,13.8625,7.0,155.0,False,False
2,1,0,29.0,0,0,10.5,11.0,155.0,False,True
2,0,1,39.0,0,0,13.0,10.0,155.0,False,True
2,1,1,22.0,0,0,10.5,13.0,155.0,False,True
2,1,1,28.0,0,0,13.8625,9.0,155.0,False,False
2,0,1,23.0,0,0,10.5,10.0,155.0,False,True
2,1,1,29.0,0,0,13.8583,9.0,155.0,False,False
2,0,1,28.0,0,0,10.5,10.0,155.0,False,True
2,0,1,28.0,0,0,0.0,10.0,155.0,False,True
2,1,0,50.0,0,1,26.0,12.0,155.0,False,True
2,0,1,19.0,0,0,10.5,10.0,155.0,False,True
2,0,1,28.0,0,0,15.05,10.0,155.0,False,False
2,0,1,41.0,0,0,13.0,10.0,155.0,False,True
2,1,0,21.0,0,1,21.0,12.0,155.0,False,True
2,1,0,19.0,0,0,26.0,11.0,155.0,False,True
2,0,1,43.0,0,1,21.0,10.0,155.0,False,True
2,1,0,32.0,0,0,13.0,9.0,155.0,False,True
2,0,1,34.0,0,0,13.0,10.0,155.0,False,True
2,1,1,30.0,0,0,12.7375,14.0,155.0,False,False
2,0,1,27.0,0,0,15.0333,10.0,155.0,False,False
2,1,0,2.0,1,1,26.0,11.0,155.0,False,True
2,1,0,8.0,1,1,26.0,11.0,155.0,False,True
2,1,0,33.0,0,2,26.0,11.0,155.0,False,True
2,0,1,36.0,0,0,10.5,10.0,155.0,False,True
2,0,1,34.0,1,0,21.0,12.0,155.0,False,True
2,1,0,30.0,3,0,21.0,10.0,155.0,False,True
2,1,0,28.0,0,0,13.0,9.0,155.0,False,True
2,0,1,23.0,0,0,15.0458,10.0,155.0,False,False
2,1,1,0.8333,1,1,18.75,4.0,155.0,False,True
2,1,1,3.0,1,1,18.75,4.0,155.0,False,True
2,1,0,24.0,2,3,18.75,4.0,155.0,False,True
2,1,0,50.0,0,0,10.5,13.0,155.0,False,True
2,0,1,19.0,0,0,10.5,10.0,155.0,False,True
2,1,0,21.0,0,0,10.5,12.0,155.0,False,True
2,0,1,26.0,0,0,13.0,10.0,155.0,False,True
2,0,1,25.0,0,0,13.0,10.0,155.0,False,True
2,0,1,27.0,0,0,26.0,10.0,155.0,False,True
2,1,0,25.0,0,1,26.0,12.0,155.0,False,True
2,1,0,18.0,0,2,13.0,16.0,155.0,False,True
2,1,0,20.0,0,0,36.75,11.0,155.0,False,True
2,1,0,30.0,0,0,13.0,10.0,155.0,False,True
2,0,1,59.0,0,0,13.5,10.0,155.0,False,True
2,1,0,30.0,0,0,12.35,13.0,155.0,True,False
2,0,1,35.0,0,0,10.5,10.0,155.0,False,True
2,1,0,40.0,0,0,13.0,9.0,155.0,False,True
2,0,1,25.0,0,0,13.0,10.0,155.0,False,True
2,0,1,41.0,0,0,15.0458,10.0,155.0,False,False
2,0,1,25.0,0,0,10.5,10.0,81.0,False,True
2,0,1,18.5,0,0,13.0,10.0,294.0,False,True
2,0,1,14.0,0,0,65.0,10.0,155.0,False,True
2,1,0,50.0,0,0,10.5,9.0,155.0,False,True
2,0,1,23.0,0,0,13.0,10.0,155.0,False,True
2,1,0,28.0,0,0,12.65,10.0,155.0,False,True
2,1,0,27.0,0,0,10.5,16.0,155.0,False,True
2,0,1,29.0,1,0,21.0,10.0,155.0,False,True
2,0,0,27.0,1,0,21.0,10.0,155.0,False,True
2,0,1,40.0,0,0,13.0,10.0,155.0,False,True
2,1,0,31.0,0,0,21.0,14.0,155.0,False,True
2,0,1,30.0,1,0,21.0,10.0,155.0,False,True
2,0,1,23.0,1,0,10.5,10.0,155.0,False,True
2,1,0,31.0,0,0,21.0,10.0,155.0,False,True
2,0,1,28.0,0,0,0.0,10.0,155.0,False,True
2,1,0,12.0,0,0,15.75,9.0,155.0,False,True
2,1,0,40.0,0,0,15.75,9.0,155.0,False,True
2,1,0,32.5,0,0,13.0,12.0,155.0,False,True
2,0,1,27.0,1,0,26.0,10.0,293.0,False,True
2,1,0,29.0,1,0,26.0,10.0,155.0,False,True
2,1,1,2.0,1,1,23.0,14.0,155.0,False,True
2,1,0,4.0,1,1,23.0,14.0,155.0,False,True
2,1,0,29.0,0,2,23.0,14.0,155.0,False,True
2,1,0,0.9167,1,2,27.75,10.0,155.0,False,True
2,1,0,5.0,1,2,27.75,10.0,155.0,False,True
2,0,1,36.0,1,2,27.75,10.0,155.0,False,True
2,1,0,33.0,1,2,27.75,10.0,155.0,False,True
2,0,1,66.0,0,0,10.5,10.0,155.0,False,True
2,0,1,28.0,0,0,12.875,10.0,155.0,False,True
2,1,1,31.0,0,0,13.0,9.0,155.0,False,True
2,1,1,28.0,0,0,13.0,14.0,155.0,False,True
2,1,0,26.0,0,0,13.5,9.0,155.0,False,True
2,0,0,24.0,0,0,13.0,10.0,155.0,False,True
3,0,1,42.0,0,0,7.55,10.0,155.0,False,True
3,0,1,13.0,0,2,20.25,10.0,155.0,False,True
3,0,1,16.0,1,1,20.25,10.0,190.0,False,True
3,1,0,35.0,1,1,20.25,10.0,155.0,False,True
3,1,0,16.0,0,0,7.65,16.0,155.0,False,True
3,1,1,25.0,0,0,7.65,10.0,155.0,False,True
3,1,1,20.0,0,0,7.925,15.0,155.0,False,True
3,1,0,18.0,0,0,7.2292,10.0,155.0,False,False
3,0,1,30.0,0,0,7.25,10.0,72.0,False,True
3,0,1,26.0,0,0,8.05,10.0,103.0,False,True
3,0,0,40.0,1,0,9.475,10.0,155.0,False,True
3,1,1,0.8333,0,1,9.35,11.0,155.0,False,True
3,1,0,18.0,0,1,9.35,13.0,155.0,False,True
3,1,1,26.0,0,0,18.7875,15.0,155.0,False,False
3,0,1,26.0,0,0,7.8875,10.0,155.0,False,True
3,0,1,20.0,0,0,7.925,10.0,155.0,False,True
3,0,1,24.0,0,0,7.05,10.0,155.0,False,True
3,0,1,25.0,0,0,7.05,10.0,79.0,False,True
3,0,1,35.0,0,0,8.05,10.0,155.0,False,True
3,0,1,18.0,0,0,8.3,10.0,259.0,False,True
3,0,1,32.0,0,0,22.525,10.0,260.0,False,True
3,1,0,19.0,1,0,7.8542,16.0,155.0,False,True
3,0,1,4.0,4,2,31.275,10.0,155.0,False,True
3,0,0,6.0,4,2,31.275,10.0,155.0,False,True
3,0,0,2.0,4,2,31.275,10.0,155.0,False,True
3,1,0,17.0,4,2,7.925,10.0,155.0,False,True
3,0,0,38.0,4,2,7.775,10.0,155.0,False,True
3,0,0,9.0,4,2,31.275,10.0,155.0,False,True
3,0,0,11.0,4,2,31.275,10.0,155.0,False,True
3,0,1,39.0,1,5,31.275,10.0,155.0,False,True
3,1,1,27.0,0,0,7.7958,10.0,155.0,False,True
3,0,1,26.0,0,0,7.775,10.0,155.0,False,True
3,0,0,39.0,1,5,31.275,10.0,155.0,False,True
3,0,1,20.0,0,0,7.8542,10.0,155.0,False,True
3,0,1,26.0,0,0,7.8958,10.0,155.0,False,True
3,0,1,25.0,1,0,17.8,10.0,155.0,False,True
3,0,0,18.0,1,0,17.8,10.0,155.0,False,True
3,0,1,24.0,0,0,7.775,10.0,155.0,False,True
3,0,1,35.0,0,0,7.05,10.0,155.0,False,True
3,0,1,5.0,4,2,31.3875,10.0,155.0,False,True
3,0,1,9.0,4,2,31.3875,10.0,155.0,False,True
3,1,1,3.0,4,2,31.3875,15.0,155.0,False,True
3,0,1,13.0,4,2,31.3875,10.0,155.0,False,True
3,1,0,5.0,4,2,31.3875,15.0,155.0,False,True
3,0,1,40.0,1,5,31.3875,10.0,142.0,False,True
3,1,1,23.0,0,0,7.7958,13.0,155.0,False,True
3,1,0,38.0,1,5,31.3875,15.0,155.0,False,True
3,1,0,45.0,0,0,7.225,10.0,155.0,False,False
3,0,1,21.0,0,0,7.225,10.0,155.0,False,False
3,0,1,23.0,0,0,7.05,10.0,155.0,False,True
3,0,0,17.0,0,0,14.4583,10.0,155.0,False,False
3,0,1,30.0,0,0,7.225,10.0,155.0,False,False
3,0,1,23.0,0,0,7.8542,10.0,155.0,False,True
3,1,0,13.0,0,0,7.2292,10.0,155.0,False,False
3,0,1,20.0,0,0,7.225,10.0,155.0,False,False
3,0,1,32.0,1,0,15.85,10.0,155.0,False,True
3,1,0,33.0,3,0,15.85,10.0,155.0,False,True
3,1,0,0.75,2,1,19.2583,10.0,155.0,False,False
3,1,0,0.75,2,1,19.2583,10.0,155.0,False,False
3,1,0,5.0,2,1,19.2583,10.0,155.0,False,False
3,1,0,24.0,0,3,19.2583,10.0,155.0,False,False
3,1,0,18.0,0,0,8.05,10.0,155.0,False,True
3,0,1,40.0,0,0,7.225,10.0,155.0,False,False
3,0,1,26.0,0,0,7.8958,10.0,155.0,False,True
3,1,1,20.0,0,0,7.2292,15.0,155.0,False,False
3,0,0,18.0,0,1,14.4542,10.0,155.0,False,False
3,0,0,45.0,0,1,14.4542,10.0,155.0,False,False
3,0,0,27.0,0,0,7.8792,10.0,155.0,True,False
3,0,1,22.0,0,0,8.05,10.0,155.0,False,True
3,0,1,19.0,0,0,8.05,10.0,155.0,False,True
3,0,1,26.0,0,0,7.775,10.0,155.0,False,True
3,0,1,22.0,0,0,9.35,10.0,155.0,False,True
3,0,1,28.0,0,0,7.2292,10.0,155.0,False,False
3,0,1,20.0,0,0,4.0125,10.0,155.0,False,False
3,1,1,32.0,0,0,56.4958,10.0,155.0,False,True
3,0,1,21.0,0,0,7.775,10.0,155.0,False,True
3,0,1,18.0,0,0,7.75,10.0,155.0,False,True
3,0,1,26.0,0,0,7.8958,10.0,155.0,False,True
3,0,1,6.0,1,1,15.2458,10.0,155.0,False,False
3,0,0,9.0,1,1,15.2458,10.0,155.0,False,False
3,0,1,28.0,0,0,7.225,10.0,155.0,False,False
3,0,0,28.0,0,2,15.2458,10.0,155.0,False,False
3,0,0,28.0,0,2,7.75,10.0,155.0,True,False
3,0,1,40.0,1,1,15.5,10.0,155.0,True,False
3,0,0,32.0,1,1,15.5,10.0,155.0,True,False
3,0,1,21.0,0,0,16.1,10.0,155.0,False,True
3,1,0,22.0,0,0,7.725,13.0,155.0,True,False
3,0,0,20.0,0,0,7.8542,10.0,155.0,False,True
3,0,1,29.0,1,0,7.0458,10.0,155.0,False,True
3,0,1,22.0,1,0,7.25,10.0,155.0,False,True
3,0,1,22.0,0,0,7.7958,10.0,155.0,False,True
3,0,1,35.0,0,0,8.05,10.0,155.0,False,True
3,0,0,18.5,0,0,7.2833,10.0,299.0,True,False
3,1,1,21.0,0,0,7.8208,13.0,155.0,True,False
3,0,1,19.0,0,0,6.75,10.0,155.0,True,False
3,0,0,18.0,0,0,7.8792,10.0,155.0,True,False
3,0,0,21.0,0,0,8.6625,10.0,155.0,False,True
3,0,0,30.0,0,0,8.6625,10.0,155.0,False,True
3,0,1,18.0,0,0,8.6625,10.0,155.0,False,True
3,0,1,38.0,0,0,8.6625,10.0,155.0,False,True
3,0,1,17.0,0,0,8.6625,10.0,155.0,False,True
3,0,1,17.0,0,0,8.6625,10.0,155.0,False,True
3,0,0,21.0,0,0,7.75,10.0,155.0,True,False
3,0,1,21.0,0,0,7.75,10.0,155.0,True,False
3,0,1,21.0,0,0,8.05,10.0,155.0,False,True
3,0,1,28.0,1,0,14.4583,10.0,155.0,False,False
3,0,0,28.0,1,0,14.4583,10.0,155.0,False,False
3,0,1,28.0,0,0,7.7958,10.0,155.0,False,True
3,0,1,24.0,0,0,7.8542,10.0,155.0,False,True
3,1,0,16.0,0,0,7.75,16.0,155.0,True,False
3,0,0,37.0,0,0,7.75,10.0,155.0,True,False
3,0,1,28.0,0,0,7.25,10.0,155.0,False,True
3,0,1,24.0,0,0,8.05,10.0,155.0,False,True
3,0,1,21.0,0,0,7.7333,10.0,155.0,True,False
3,1,1,32.0,0,0,56.4958,10.0,155.0,False,True
3,0,1,29.0,0,0,8.05,10.0,155.0,False,True
3,0,1,26.0,1,0,14.4542,10.0,155.0,False,False
3,0,1,18.0,1,0,14.4542,10.0,155.0,False,False
3,0,1,20.0,0,0,7.05,10.0,155.0,False,True
3,1,1,18.0,0,0,8.05,12.0,155.0,False,True
3,0,1,24.0,0,0,7.25,10.0,155.0,True,False
3,0,1,36.0,0,0,7.4958,10.0,155.0,False,True
3,0,1,24.0,0,0,7.4958,10.0,155.0,False,True
3,0,1,31.0,0,0,7.7333,10.0,155.0,True,False
3,0,1,31.0,0,0,7.75,10.0,155.0,True,False
3,1,0,22.0,0,0,7.75,13.0,155.0,True,False
3,0,0,30.0,0,0,7.6292,10.0,155.0,True,False
3,0,1,70.5,0,0,7.75,10.0,171.0,True,False
3,0,1,43.0,0,0,8.05,10.0,155.0,False,True
3,0,1,35.0,0,0,7.8958,10.0,155.0,False,True
3,0,1,27.0,0,0,7.8958,10.0,155.0,False,True
3,0,1,19.0,0,0,7.8958,10.0,155.0,False,True
3,0,1,30.0,0,0,8.05,10.0,155.0,False,True
3,1,1,9.0,1,1,15.9,2.0,155.0,False,True
3,1,1,3.0,1,1,15.9,2.0,155.0,False,True
3,1,0,36.0,0,2,15.9,2.0,155.0,False,True
3,0,1,59.0,0,0,7.25,10.0,155.0,False,True
3,0,1,19.0,0,0,8.1583,10.0,155.0,False,True
3,1,0,17.0,0,1,16.1,12.0,155.0,False,True
3,0,1,44.0,0,1,16.1,10.0,155.0,False,True
3,0,1,17.0,0,0,8.6625,10.0,155.0,False,True
3,0,1,22.5,0,0,7.225,10.0,9.0,False,False
3,1,1,45.0,0,0,8.05,15.0,155.0,False,True
3,0,0,22.0,0,0,10.5167,10.0,155.0,False,True
3,0,1,19.0,0,0,10.1708,10.0,155.0,False,True
3,1,0,30.0,0,0,6.95,15.0,155.0,True,False
3,1,1,29.0,0,0,7.75,10.0,155.0,True,False
3,0,1,0.3333,0,2,14.4,10.0,155.0,False,True
3,0,1,34.0,1,1,14.4,10.0,197.0,False,True
3,0,0,28.0,1,1,14.4,10.0,155.0,False,True
3,0,1,27.0,0,0,7.8958,10.0,155.0,False,True
3,0,1,25.0,0,0,7.8958,10.0,155.0,False,True
3,0,1,24.0,2,0,24.15,10.0,155.0,False,True
3,0,1,22.0,0,0,8.05,10.0,155.0,False,True
3,0,1,21.0,2,0,24.15,10.0,155.0,False,True
3,0,1,17.0,2,0,8.05,10.0,155.0,False,True
3,0,1,28.0,1,0,16.1,10.0,155.0,False,True
3,1,0,28.0,1,0,16.1,16.0,155.0,False,True
3,1,1,36.5,1,0,17.4,15.0,155.0,False,True
3,1,0,36.0,1,0,17.4,13.0,155.0,False,True
3,1,1,30.0,0,0,9.5,11.0,155.0,False,True
3,0,1,16.0,0,0,9.5,10.0,155.0,False,True
3,1,1,1.0,1,2,20.575,10.0,155.0,False,True
3,1,0,0.1667,1,2,20.575,10.0,155.0,False,True
3,0,1,26.0,1,2,20.575,10.0,155.0,False,True
3,1,0,33.0,1,2,20.575,10.0,155.0,False,True
3,0,1,25.0,0,0,7.8958,10.0,155.0,False,True
3,0,1,28.0,0,0,7.8958,10.0,155.0,False,True
3,0,1,28.0,0,0,7.8958,10.0,155.0,False,True
3,0,1,22.0,0,0,7.25,10.0,155.0,False,True
3,0,1,36.0,0,0,7.25,10.0,155.0,False,True
3,1,0,19.0,0,0,7.8792,10.0,155.0,True,False
3,0,1,17.0,0,0,7.8958,10.0,155.0,False,True
3,0,1,42.0,0,0,8.6625,10.0,155.0,False,True
3,0,1,43.0,0,0,7.8958,10.0,155.0,False,True
3,0,1,28.0,0,0,7.2292,10.0,155.0,False,False
3,0,1,32.0,0,0,7.75,10.0,155.0,True,False
3,1,1,19.0,0,0,8.05,10.0,155.0,False,True
3,1,0,30.0,0,0,12.475,13.0,155.0,False,True
3,0,0,24.0,0,0,7.75,10.0,155.0,True,False
3,1,0,23.0,0,0,8.05,10.0,155.0,False,True
3,0,1,33.0,0,0,7.8958,10.0,51.0,False,False
3,0,1,65.0,0,0,7.75,10.0,155.0,True,False
3,1,1,24.0,0,0,7.55,10.0,155.0,False,True
3,0,1,23.0,1,0,13.9,10.0,155.0,False,True
3,1,0,22.0,1,0,13.9,16.0,155.0,False,True
3,0,1,18.0,0,0,7.775,10.0,155.0,False,True
3,0,1,16.0,0,0,7.775,10.0,155.0,False,True
3,0,1,45.0,0,0,6.975,10.0,155.0,False,True
3,0,1,28.0,0,0,7.225,10.0,155.0,False,False
3,0,1,39.0,0,2,7.2292,10.0,155.0,False,False
3,0,1,17.0,1,1,7.2292,10.0,155.0,False,False
3,0,1,15.0,1,1,7.2292,10.0,155.0,False,False
3,0,1,47.0,0,0,7.25,10.0,155.0,False,True
3,1,0,5.0,0,0,12.475,13.0,155.0,False,True
3,0,1,28.0,0,0,7.225,10.0,155.0,False,False
3,0,1,40.5,0,0,15.1,10.0,187.0,False,True
3,0,1,40.5,0,0,7.75,10.0,68.0,True,False
3,1,1,28.0,0,0,7.05,15.0,155.0,False,True
3,0,1,18.0,0,0,7.7958,10.0,155.0,False,True
3,0,0,28.0,0,0,7.75,10.0,155.0,True,False
3,0,1,28.0,0,0,7.75,10.0,155.0,True,False
3,0,1,28.0,0,0,6.95,10.0,155.0,True,False
3,0,1,26.0,0,0,7.8792,10.0,155.0,True,False
3,0,1,28.0,0,0,7.75,10.0,155.0,True,False
3,1,1,28.0,0,0,56.4958,13.0,155.0,False,True
3,0,0,21.0,2,2,34.375,10.0,155.0,False,True
3,0,0,9.0,2,2,34.375,10.0,155.0,False,True
3,0,1,28.0,0,0,8.05,10.0,155.0,False,True
3,0,1,18.0,2,2,34.375,10.0,155.0,False,True
3,0,1,16.0,1,3,34.375,10.0,155.0,False,True
3,0,0,48.0,1,3,34.375,10.0,155.0,False,True
3,0,1,28.0,0,0,7.75,10.0,155.0,True,False
3,0,1,28.0,0,0,7.25,10.0,155.0,False,True
3,0,1,25.0,0,0,7.7417,10.0,155.0,True,False
3,0,1,28.0,0,0,14.5,10.0,155.0,False,True
3,0,1,28.0,0,0,7.8958,10.0,155.0,False,False
3,0,1,22.0,0,0,8.05,10.0,47.0,False,True
3,1,0,16.0,0,0,7.7333,16.0,155.0,True,False
3,1,0,28.0,0,0,7.75,13.0,155.0,True,False
3,1,1,9.0,0,2,20.525,10.0,155.0,False,True
3,0,1,33.0,1,1,20.525,10.0,155.0,False,True
3,0,1,41.0,0,0,7.85,10.0,155.0,False,True
3,1,0,31.0,1,1,20.525,10.0,155.0,False,True
3,0,1,38.0,0,0,7.05,10.0,155.0,False,True
3,0,1,9.0,5,2,46.9,10.0,155.0,False,True
3,0,1,1.0,5,2,46.9,10.0,155.0,False,True
3,0,1,11.0,5,2,46.9,10.0,155.0,False,True
3,0,0,10.0,5,2,46.9,10.0,155.0,False,True
3,0,0,16.0,5,2,46.9,10.0,155.0,False,True
3,0,1,14.0,5,2,46.9,10.0,155.0,False,True
3,0,1,40.0,1,6,46.9,10.0,155.0,False,True
3,0,0,43.0,1,6,46.9,10.0,155.0,False,True
3,0,1,51.0,0,0,8.05,10.0,155.0,False,True
3,0,1,32.0,0,0,8.3625,10.0,155.0,False,True
3,0,1,28.0,0,0,8.05,10.0,155.0,False,True
3,0,1,20.0,0,0,9.8458,10.0,155.0,False,True
3,0,1,37.0,2,0,7.925,10.0,98.0,False,True
3,0,1,28.0,2,0,7.925,10.0,155.0,False,True
3,0,1,19.0,0,0,7.775,10.0,155.0,False,True
3,0,0,24.0,0,0,8.85,10.0,155.0,False,True
3,0,0,17.0,0,0,7.7333,10.0,155.0,True,False
3,0,1,28.0,1,0,19.9667,10.0,155.0,False,True
3,0,1,28.0,1,0,19.9667,10.0,155.0,False,True
3,0,1,28.0,1,0,15.85,10.0,155.0,False,True
3,1,0,24.0,1,0,15.85,15.0,155.0,False,True
3,0,1,20.0,0,0,9.5,10.0,155.0,False,True
3,0,1,23.5,0,0,7.2292,10.0,188.0,False,False
3,0,1,41.0,2,0,14.1083,10.0,155.0,False,True
3,0,1,26.0,1,0,7.8542,10.0,155.0,False,True
3,0,1,21.0,0,0,7.8542,10.0,69.0,False,True
3,1,0,45.0,1,0,14.1083,11.0,155.0,False,True
3,0,0,28.0,0,0,7.55,10.0,155.0,False,True
3,0,1,25.0,0,0,7.25,10.0,155.0,False,True
3,0,1,28.0,0,0,6.8583,10.0,155.0,True,False
3,0,1,11.0,0,0,18.7875,10.0,155.0,False,False
3,1,0,28.0,0,0,7.75,16.0,155.0,True,False
3,1,1,27.0,0,0,6.975,15.0,155.0,False,True
3,1,1,28.0,0,0,56.4958,10.0,155.0,False,True
3,0,0,18.0,0,0,6.75,10.0,155.0,True,False
3,1,0,26.0,0,0,7.925,10.0,155.0,False,True
3,0,0,23.0,0,0,7.925,10.0,155.0,False,True
3,1,0,22.0,0,0,8.9625,10.0,155.0,False,True
3,0,1,28.0,0,0,7.8958,10.0,306.0,False,True
3,0,0,28.0,0,0,7.775,10.0,155.0,False,True
3,0,0,28.0,0,0,7.75,10.0,155.0,True,False
3,1,0,2.0,0,1,12.2875,15.0,155.0,False,True
3,1,0,22.0,1,1,12.2875,15.0,155.0,False,True
3,0,1,43.0,0,0,6.45,10.0,155.0,False,True
3,0,1,28.0,0,0,22.525,10.0,155.0,False,True
3,1,0,27.0,0,0,7.925,10.0,155.0,False,True
3,0,1,28.0,0,0,7.75,10.0,155.0,True,False
3,1,0,28.0,0,0,8.05,10.0,155.0,False,True
3,0,1,42.0,0,0,7.65,10.0,120.0,False,True
3,1,1,28.0,0,0,7.8875,10.0,155.0,False,True
3,0,1,30.0,0,0,7.2292,10.0,155.0,False,False
3,0,1,28.0,0,0,7.8958,10.0,155.0,False,True
3,0,0,27.0,1,0,7.925,10.0,155.0,False,True
3,0,0,25.0,1,0,7.925,10.0,155.0,False,True
3,0,1,28.0,0,0,7.8958,10.0,155.0,False,True
3,1,1,29.0,0,0,7.8958,15.0,155.0,False,False
3,1,1,21.0,0,0,7.7958,10.0,155.0,False,True
3,0,1,28.0,0,0,7.05,10.0,155.0,False,True
3,0,1,20.0,0,0,7.8542,10.0,155.0,False,True
3,0,1,48.0,0,0,7.8542,10.0,155.0,False,True
3,0,1,17.0,1,0,7.0542,10.0,155.0,False,True
3,1,0,28.0,0,0,7.75,10.0,155.0,True,False
3,1,1,28.0,0,0,8.1125,13.0,155.0,False,True
3,0,1,34.0,0,0,6.4958,10.0,143.0,False,True
3,1,1,26.0,0,0,7.775,15.0,155.0,False,True
3,0,1,22.0,0,0,7.7958,10.0,156.0,False,True
3,0,1,33.0,0,0,8.6542,10.0,285.0,False,True
3,0,1,31.0,0,0,7.775,10.0,155.0,False,True
3,0,1,29.0,0,0,7.8542,10.0,155.0,False,True
3,1,1,4.0,1,1,11.1333,15.0,155.0,False,True
3,1,0,1.0,1,1,11.1333,15.0,155.0,False,True
3,0,1,49.0,0,0,0.0,10.0,155.0,False,True
3,0,1,33.0,0,0,7.775,10.0,37.0,False,True
3,0,1,19.0,0,0,0.0,10.0,155.0,False,True
3,1,0,27.0,0,2,11.1333,15.0,155.0,False,True
3,0,1,28.0,1,2,23.45,10.0,155.0,False,True
3,0,0,28.0,1,2,23.45,10.0,155.0,False,True
3,0,1,28.0,1,2,23.45,10.0,155.0,False,True
3,0,0,28.0,1,2,23.45,10.0,155.0,False,True
3,0,1,23.0,0,0,7.8958,10.0,155.0,False,True
3,1,1,32.0,0,0,7.8542,15.0,155.0,False,True
3,0,1,27.0,0,0,7.8542,10.0,155.0,False,True
3,0,0,20.0,1,0,9.825,10.0,155.0,False,True
3,0,0,21.0,1,0,9.825,10.0,155.0,False,True
3,1,1,32.0,0,0,7.925,15.0,155.0,False,True
3,0,1,17.0,0,0,7.125,10.0,155.0,False,True
3,0,1,21.0,0,0,8.4333,10.0,155.0,False,True
3,0,1,30.0,0,0,7.8958,10.0,155.0,False,True
3,1,1,21.0,0,0,7.7958,13.0,155.0,False,True
3,0,1,33.0,0,0,7.8542,10.0,155.0,False,True
3,0,1,22.0,0,0,7.5208,10.0,155.0,False,True
3,1,0,4.0,0,1,13.4167,15.0,155.0,False,False
3,1,1,39.0,0,1,13.4167,15.0,155.0,False,False
3,0,1,28.0,0,0,7.2292,10.0,155.0,False,False
3,0,1,18.5,0,0,7.2292,10.0,58.0,False,False
3,0,1,28.0,0,0,7.75,10.0,155.0,True,False
3,0,1,28.0,0,0,7.25,10.0,155.0,False,True
3,1,0,28.0,0,0,7.75,16.0,155.0,True,False
3,1,0,28.0,0,0,7.75,10.0,155.0,True,False
3,0,1,34.5,0,0,7.8292,10.0,70.0,True,False
3,0,1,44.0,0,0,8.05,10.0,155.0,False,True
3,1,1,28.0,0,0,7.75,10.0,155.0,True,False
3,0,1,28.0,1,0,14.4542,10.0,155.0,False,False
3,0,0,28.0,1,0,14.4542,10.0,155.0,False,False
3,0,1,28.0,1,0,7.75,10.0,155.0,True,False
3,0,1,28.0,1,0,7.75,10.0,155.0,True,False
3,0,1,28.0,0,0,7.7375,10.0,155.0,True,False
3,0,0,22.0,2,0,8.6625,10.0,155.0,False,True
3,0,1,26.0,2,0,8.6625,10.0,155.0,False,True
3,1,0,4.0,0,2,22.025,2.0,155.0,False,True
3,1,1,29.0,3,1,22.025,2.0,155.0,False,True
3,1,0,26.0,1,1,22.025,2.0,155.0,False,True
3,0,0,1.0,1,1,12.1833,10.0,155.0,False,True
3,0,1,18.0,1,1,7.8542,10.0,155.0,False,True
3,0,0,36.0,0,2,12.1833,10.0,155.0,False,True
3,0,1,28.0,0,0,7.8958,10.0,155.0,False,False
3,1,1,25.0,0,0,7.2292,10.0,155.0,False,False
3,0,1,28.0,0,0,7.225,10.0,155.0,False,False
3,0,0,37.0,0,0,9.5875,10.0,155.0,False,True
3,0,1,28.0,0,0,7.8958,10.0,155.0,False,True
3,1,1,28.0,0,0,56.4958,10.0,155.0,False,True
3,0,1,28.0,0,0,56.4958,10.0,155.0,False,True
3,1,0,22.0,0,0,7.25,13.0,155.0,False,True
3,0,1,28.0,0,0,7.75,10.0,155.0,True,False
3,1,1,26.0,0,0,56.4958,14.0,155.0,False,True
3,0,1,29.0,0,0,9.4833,10.0,155.0,False,True
3,0,1,29.0,0,0,7.775,10.0,155.0,False,True
3,0,1,22.0,0,0,7.775,10.0,155.0,False,True
3,1,1,22.0,0,0,7.225,6.0,155.0,False,False
3,0,1,28.0,3,1,25.4667,10.0,155.0,False,True
3,0,0,28.0,3,1,25.4667,10.0,155.0,False,True
3,0,0,28.0,3,1,25.4667,10.0,155.0,False,True
3,0,0,28.0,3,1,25.4667,10.0,155.0,False,True
3,0,0,28.0,0,4,25.4667,10.0,155.0,False,True
3,0,1,32.0,0,0,7.925,10.0,155.0,False,True
3,0,1,34.5,0,0,6.4375,10.0,196.0,False,False
3,0,0,28.0,1,0,15.5,10.0,155.0,True,False
3,0,1,28.0,1,0,15.5,10.0,155.0,True,False
3,0,1,36.0,0,0,0.0,10.0,155.0,False,True
3,0,1,39.0,0,0,24.15,10.0,155.0,False,True
3,0,1,24.0,0,0,9.5,10.0,155.0,False,True
3,0,0,25.0,0,0,7.775,10.0,155.0,False,True
3,0,0,45.0,0,0,7.75,10.0,155.0,False,True
3,0,1,36.0,1,0,15.55,10.0,155.0,False,True
3,0,0,30.0,1,0,15.55,10.0,155.0,False,True
3,1,1,20.0,1,0,7.925,15.0,155.0,False,True
3,0,1,28.0,0,0,7.8792,10.0,155.0,True,False
3,0,1,28.0,0,0,56.4958,10.0,155.0,False,True
3,0,1,28.0,0,0,7.55,10.0,155.0,False,True
3,0,1,30.0,1,0,16.1,10.0,155.0,False,True
3,0,0,26.0,1,0,16.1,10.0,155.0,False,True
3,0,1,28.0,0,0,7.8792,10.0,153.0,False,True
3,0,1,20.5,0,0,7.25,10.0,155.0,False,True
3,1,1,27.0,0,0,8.6625,15.0,155.0,False,True
3,0,1,51.0,0,0,7.0542,10.0,155.0,False,True
3,1,0,23.0,0,0,7.8542,10.0,155.0,False,True
3,1,1,32.0,0,0,7.5792,15.0,155.0,False,True
3,0,1,28.0,0,0,7.8958,10.0,155.0,False,True
3,0,1,28.0,0,0,7.55,10.0,155.0,False,True
3,1,0,28.0,0,0,7.75,15.0,155.0,True,False
3,1,1,24.0,0,0,7.1417,13.0,155.0,False,True
3,0,1,22.0,0,0,7.125,10.0,155.0,False,True
3,0,0,28.0,0,0,7.8792,10.0,155.0,True,False
3,0,1,28.0,0,0,7.75,10.0,155.0,True,False
3,0,1,28.0,0,0,8.05,10.0,155.0,False,True
3,0,1,29.0,0,0,7.925,10.0,155.0,False,True
3,1,1,28.0,0,0,7.2292,15.0,155.0,False,False
3,0,0,30.5,0,0,7.75,10.0,61.0,True,False
3,1,0,28.0,0,0,7.7375,16.0,155.0,True,False
3,0,1,28.0,0,0,7.2292,10.0,155.0,False,False
3,0,1,35.0,0,0,7.8958,10.0,155.0,False,False
3,0,1,33.0,0,0,7.8958,10.0,155.0,False,True
3,1,0,28.0,0,0,7.225,10.0,155.0,False,False
3,0,1,28.0,0,0,7.8958,10.0,155.0,False,False
3,1,0,28.0,0,0,7.75,10.0,155.0,True,False
3,1,1,28.0,0,0,7.75,10.0,155.0,True,False
3,1,0,28.0,2,0,23.25,16.0,155.0,True,False
3,1,0,28.0,2,0,23.25,16.0,155.0,True,False
3,1,1,28.0,2,0,23.25,16.0,155.0,True,False
3,1,0,28.0,0,0,7.7875,13.0,155.0,True,False
3,0,1,28.0,0,0,15.5,10.0,155.0,True,False
3,1,0,28.0,0,0,7.8792,13.0,155.0,True,False
3,1,0,15.0,0,0,8.0292,10.0,155.0,True,False
3,0,0,35.0,0,0,7.75,10.0,155.0,True,False
3,0,1,28.0,0,0,7.75,10.0,155.0,True,False
3,0,1,24.0,1,0,16.1,10.0,155.0,False,True
3,0,0,19.0,1,0,16.1,10.0,53.0,False,True
3,0,0,28.0,0,0,7.75,10.0,155.0,True,False
3,0,0,28.0,0,0,8.05,10.0,155.0,False,True
3,0,0,28.0,0,0,8.05,10.0,155.0,False,True
3,0,1,55.5,0,0,8.05,10.0,201.0,False,True
3,0,1,28.0,0,0,7.75,10.0,155.0,True,False
3,1,1,21.0,0,0,7.775,15.0,155.0,False,True
3,0,1,28.0,0,0,8.05,10.0,155.0,False,True
3,0,1,24.0,0,0,7.8958,10.0,155.0,False,True
3,0,1,21.0,0,0,7.8958,10.0,155.0,False,True
3,0,1,28.0,0,0,7.8958,10.0,155.0,False,True
3,0,1,28.0,0,0,7.8958,10.0,155.0,False,True
3,1,0,28.0,0,0,7.8792,16.0,155.0,True,False
3,0,1,25.0,0,0,7.65,10.0,309.0,False,True
3,1,1,6.0,0,1,12.475,14.0,155.0,False,True
3,1,0,27.0,0,1,12.475,14.0,155.0,False,True
3,0,1,28.0,0,0,8.05,10.0,155.0,False,True
3,1,0,28.0,1,0,24.15,16.0,155.0,True,False
3,0,1,28.0,1,0,24.15,10.0,155.0,True,False
3,0,1,28.0,0,0,8.4583,10.0,155.0,True,False
3,0,1,34.0,0,0,8.05,10.0,155.0,False,True
3,0,1,28.0,0,0,7.75,10.0,155.0,True,False
3,1,1,28.0,0,0,7.775,10.0,155.0,False,True
3,1,1,28.0,1,1,15.2458,10.0,155.0,False,False
3,1,1,28.0,1,1,15.2458,10.0,155.0,False,False
3,1,0,28.0,0,2,15.2458,10.0,155.0,False,False
3,1,0,28.0,0,0,7.2292,10.0,155.0,False,False
3,0,1,28.0,0,0,8.05,10.0,155.0,False,True
3,1,0,28.0,0,0,7.7333,16.0,155.0,True,False
3,1,0,24.0,0,0,7.75,15.0,155.0,True,False
3,0,1,28.0,0,0,8.05,10.0,155.0,False,True
3,1,0,28.0,1,0,15.5,16.0,155.0,True,False
3,1,0,28.0,1,0,15.5,16.0,155.0,True,False
3,1,0,28.0,0,0,15.5,16.0,155.0,True,False
3,0,1,18.0,0,0,7.75,10.0,155.0,False,True
3,0,1,22.0,0,0,7.8958,10.0,155.0,False,True
3,1,0,15.0,0,0,7.225,10.0,155.0,False,False
3,1,0,1.0,0,2,15.7417,10.0,155.0,False,False
3,1,1,20.0,1,1,15.7417,10.0,155.0,False,False
3,1,0,19.0,1,1,15.7417,10.0,155.0,False,False
3,0,1,33.0,0,0,8.05,10.0,155.0,False,True
3,0,1,28.0,0,0,7.8958,10.0,155.0,False,True
3,0,1,28.0,0,0,7.2292,10.0,155.0,False,False
3,0,0,28.0,0,0,7.75,10.0,155.0,True,False
3,0,1,28.0,0,0,7.8958,10.0,155.0,False,True
3,1,1,12.0,1,0,11.2417,10.0,155.0,False,False
3,1,0,14.0,1,0,11.2417,10.0,155.0,False,False
3,0,0,29.0,0,0,7.925,10.0,155.0,False,True
3,0,1,28.0,0,0,8.05,10.0,155.0,False,True
3,1,0,18.0,0,0,7.775,10.0,155.0,False,True
3,1,0,26.0,0,0,7.8542,13.0,155.0,False,True
3,0,1,21.0,0,0,7.8542,10.0,155.0,False,True
3,0,1,41.0,0,0,7.125,10.0,155.0,False,True
3,1,1,39.0,0,0,7.925,9.0,155.0,False,True
3,0,1,21.0,0,0,7.8,10.0,155.0,False,True
3,0,1,28.5,0,0,7.2292,10.0,181.0,False,False
3,1,0,22.0,0,0,7.75,13.0,155.0,False,True
3,0,1,61.0,0,0,6.2375,10.0,155.0,False,True
3,0,1,28.0,1,0,15.5,10.0,155.0,True,False
3,0,1,28.0,0,0,7.8292,10.0,155.0,True,False
3,1,0,28.0,1,0,15.5,10.0,155.0,True,False
3,0,1,28.0,0,0,7.7333,10.0,155.0,True,False
3,0,1,28.0,0,0,7.75,10.0,155.0,True,False
3,0,1,28.0,0,0,7.75,10.0,155.0,True,False
3,0,1,23.0,0,0,9.225,10.0,155.0,False,True
3,0,0,28.0,0,0,7.75,10.0,155.0,True,False
3,1,0,28.0,0,0,7.75,10.0,155.0,True,False
3,1,0,28.0,0,0,7.8792,10.0,155.0,True,False
3,1,0,22.0,0,0,7.775,10.0,155.0,False,True
3,1,1,28.0,0,0,7.75,10.0,155.0,True,False
3,1,0,28.0,0,0,7.8292,13.0,155.0,True,False
3,1,1,9.0,0,1,3.1708,13.0,155.0,False,True
3,0,1,28.0,0,0,22.525,10.0,173.0,False,True
3,0,1,42.0,0,1,8.4042,10.0,155.0,False,True
3,0,1,28.0,0,0,7.3125,10.0,155.0,False,True
3,0,0,31.0,0,0,7.8542,10.0,155.0,False,True
3,0,1,28.0,0,0,7.8542,10.0,155.0,False,True
3,1,1,32.0,0,0,7.775,10.0,155.0,False,True
3,0,1,20.0,0,0,9.225,10.0,89.0,False,True
3,0,0,23.0,0,0,8.6625,10.0,155.0,False,True
3,0,0,20.0,0,0,8.6625,10.0,155.0,False,True
3,0,1,20.0,0,0,8.6625,10.0,155.0,False,True
3,0,1,16.0,0,0,9.2167,10.0,155.0,False,True
3,1,0,31.0,0,0,8.6833,10.0,155.0,False,True
3,0,0,28.0,0,0,7.6292,10.0,155.0,True,False
3,0,1,2.0,3,1,21.075,10.0,4.0,False,True
3,0,1,6.0,3,1,21.075,10.0,155.0,False,True
3,0,0,3.0,3,1,21.075,10.0,155.0,False,True
3,0,0,8.0,3,1,21.075,10.0,155.0,False,True
3,0,0,29.0,0,4,21.075,10.0,206.0,False,True
3,0,1,1.0,4,1,39.6875,10.0,155.0,False,True
3,0,1,7.0,4,1,39.6875,10.0,155.0,False,True
3,0,1,2.0,4,1,39.6875,10.0,155.0,False,True
3,0,1,16.0,4,1,39.6875,10.0,155.0,False,True
3,0,1,14.0,4,1,39.6875,10.0,155.0,False,True
3,0,0,41.0,0,5,39.6875,10.0,155.0,False,True
3,0,1,21.0,0,0,8.6625,10.0,155.0,False,True
3,0,1,19.0,0,0,14.5,10.0,155.0,False,True
3,0,1,28.0,0,0,8.7125,10.0,155.0,False,False
3,0,1,32.0,0,0,7.8958,10.0,155.0,False,True
3,0,1,0.75,1,1,13.775,10.0,155.0,False,True
3,0,0,3.0,1,1,13.775,10.0,155.0,False,True
3,0,0,26.0,0,2,13.775,10.0,155.0,False,True
3,0,1,28.0,0,0,7.0,10.0,155.0,False,True
3,0,1,28.0,0,0,7.775,10.0,155.0,False,True
3,0,1,28.0,0,0,8.05,10.0,155.0,False,True
3,0,1,21.0,0,0,7.925,10.0,155.0,False,True
3,0,1,25.0,0,0,7.925,10.0,155.0,False,True
3,0,1,22.0,0,0,7.25,10.0,155.0,False,True
3,1,1,25.0,1,0,7.775,15.0,155.0,False,True
3,1,1,28.0,1,1,22.3583,10.0,155.0,False,False
3,1,0,28.0,1,1,22.3583,10.0,155.0,False,False
3,1,0,28.0,0,2,22.3583,10.0,155.0,False,False
3,0,0,28.0,0,0,8.1375,10.0,155.0,True,False
3,0,1,24.0,0,0,8.05,10.0,155.0,False,True
3,0,0,28.0,0,0,7.8958,10.0,155.0,False,True
3,0,1,19.0,0,0,7.8958,10.0,155.0,False,True
3,0,1,28.0,0,0,7.8958,10.0,155.0,False,True
3,0,1,25.0,1,0,7.775,10.0,155.0,False,True
3,0,0,18.0,0,0,7.775,10.0,155.0,False,True
3,1,1,32.0,0,0,8.05,9.0,155.0,False,True
3,0,1,28.0,0,0,7.8958,10.0,155.0,False,True
3,0,1,17.0,0,0,8.6625,10.0,155.0,False,True
3,0,1,24.0,0,0,8.6625,10.0,155.0,False,True
3,0,1,28.0,0,0,7.8958,10.0,155.0,False,True
3,0,0,28.0,0,0,8.1125,10.0,155.0,False,True
3,0,1,28.0,0,0,7.2292,10.0,155.0,False,False
3,0,1,28.0,0,0,7.25,10.0,155.0,False,True
3,0,1,38.0,0,0,7.8958,10.0,155.0,False,True
3,0,1,21.0,0,0,8.05,10.0,155.0,False,True
3,0,1,10.0,4,1,29.125,10.0,155.0,True,False
3,0,1,4.0,4,1,29.125,10.0,155.0,True,False
3,0,1,7.0,4,1,29.125,10.0,155.0,True,False
3,0,1,2.0,4,1,29.125,10.0,155.0,True,False
3,0,1,8.0,4,1,29.125,10.0,155.0,True,False
3,0,0,39.0,0,5,29.125,10.0,327.0,True,False
3,0,0,22.0,0,0,39.6875,10.0,155.0,False,True
3,0,1,35.0,0,0,7.125,10.0,155.0,False,True
3,1,0,28.0,0,0,7.7208,13.0,155.0,True,False
3,0,1,28.0,0,0,14.5,10.0,155.0,False,True
3,0,0,28.0,0,0,14.5,10.0,155.0,False,True
3,0,1,50.0,1,0,14.5,10.0,119.0,False,True
3,0,0,47.0,1,0,14.5,10.0,7.0,False,True
3,0,1,28.0,0,0,8.05,10.0,155.0,False,True
3,0,1,28.0,0,0,7.775,10.0,155.0,False,True
3,0,0,2.0,1,1,20.2125,10.0,155.0,False,True
3,0,1,18.0,1,1,20.2125,10.0,155.0,False,True
3,0,0,41.0,0,2,20.2125,10.0,155.0,False,True
3,1,0,28.0,0,0,8.05,10.0,155.0,False,True
3,0,1,50.0,0,0,8.05,10.0,155.0,False,True
3,0,1,16.0,0,0,8.05,10.0,155.0,False,True
3,1,1,28.0,0,0,7.75,14.0,155.0,True,False
3,0,1,28.0,0,0,24.15,10.0,155.0,True,False
3,0,1,28.0,0,0,7.2292,10.0,155.0,False,False
3,0,1,25.0,0,0,7.225,10.0,155.0,False,False
3,0,1,28.0,0,0,7.225,10.0,155.0,False,False
3,0,1,28.0,0,0,7.7292,10.0,155.0,True,False
3,0,1,28.0,0,0,7.575,10.0,155.0,False,True
3,0,1,38.5,0,0,7.25,10.0,32.0,False,True
3,0,1,28.0,8,2,69.55,10.0,155.0,False,True
3,0,1,14.5,8,2,69.55,10.0,67.0,False,True
3,0,0,28.0,8,2,69.55,10.0,155.0,False,True
3,0,0,28.0,8,2,69.55,10.0,155.0,False,True
3,0,0,28.0,8,2,69.55,10.0,155.0,False,True
3,0,0,28.0,8,2,69.55,10.0,155.0,False,True
3,0,1,28.0,8,2,69.55,10.0,155.0,False,True
3,0,1,28.0,8,2,69.55,10.0,155.0,False,True
3,0,1,28.0,8,2,69.55,10.0,155.0,False,True
3,0,1,28.0,1,9,69.55,10.0,155.0,False,True
3,0,0,28.0,1,9,69.55,10.0,155.0,False,True
3,0,1,24.0,0,0,9.325,10.0,155.0,False,True
3,1,0,21.0,0,0,7.65,10.0,155.0,False,True
3,0,1,39.0,0,0,7.925,10.0,155.0,False,True
3,0,1,28.0,2,0,21.6792,10.0,155.0,False,False
3,0,1,28.0,2,0,21.6792,10.0,155.0,False,False
3,0,1,28.0,2,0,21.6792,10.0,155.0,False,False
3,1,0,1.0,1,1,16.7,13.0,155.0,False,True
3,1,0,24.0,0,2,16.7,13.0,155.0,False,True
3,1,0,4.0,1,1,16.7,13.0,155.0,False,True
3,1,1,25.0,0,0,9.5,11.0,155.0,False,True
3,0,1,20.0,0,0,8.05,10.0,155.0,False,True
3,0,1,24.5,0,0,8.05,10.0,284.0,False,True
3,0,1,28.0,0,0,7.725,10.0,155.0,True,False
3,0,1,28.0,0,0,7.8958,10.0,155.0,False,True
3,0,1,28.0,0,0,7.75,10.0,155.0,True,False
3,1,1,29.0,0,0,9.5,11.0,155.0,False,True
3,0,1,28.0,0,0,15.1,10.0,155.0,False,True
3,1,0,28.0,0,0,7.7792,10.0,155.0,True,False
3,0,1,28.0,0,0,8.05,10.0,155.0,False,True
3,0,1,28.0,0,0,8.05,10.0,155.0,False,True
3,0,1,22.0,0,0,7.2292,10.0,155.0,False,False
3,0,1,28.0,0,0,8.05,10.0,155.0,False,True
3,0,1,40.0,0,0,7.8958,10.0,155.0,False,True
3,0,1,21.0,0,0,7.925,10.0,155.0,False,True
3,1,0,18.0,0,0,7.4958,16.0,155.0,False,True
3,0,1,4.0,3,2,27.9,10.0,155.0,False,True
3,0,1,10.0,3,2,27.9,10.0,155.0,False,True
3,0,0,9.0,3,2,27.9,10.0,155.0,False,True
3,0,0,2.0,3,2,27.9,10.0,155.0,False,True
3,0,1,40.0,1,4,27.9,10.0,155.0,False,True
3,0,0,45.0,1,4,27.9,10.0,155.0,False,True
3,0,1,28.0,0,0,7.8958,10.0,155.0,False,True
3,0,1,28.0,0,0,8.05,10.0,155.0,False,True
3,0,1,28.0,0,0,8.6625,10.0,155.0,False,True
3,0,1,28.0,0,0,7.75,10.0,155.0,True,False
3,1,0,28.0,0,0,7.7333,13.0,155.0,True,False
3,0,1,19.0,0,0,7.65,10.0,155.0,False,True
3,0,1,30.0,0,0,8.05,10.0,155.0,False,True
3,0,1,28.0,0,0,8.05,10.0,155.0,False,True
3,0,1,32.0,0,0,8.05,10.0,155.0,False,True
3,0,1,28.0,0,0,7.8958,10.0,155.0,False,True
3,0,1,33.0,0,0,8.6625,10.0,155.0,False,False
3,1,0,23.0,0,0,7.55,10.0,155.0,False,True
3,0,1,21.0,0,0,8.05,10.0,155.0,False,True
3,0,1,60.5,0,0,14.4542,10.0,261.0,False,True
3,0,1,19.0,0,0,7.8958,10.0,155.0,False,True
3,0,0,22.0,0,0,9.8375,10.0,155.0,False,True
3,1,1,31.0,0,0,7.925,9.0,155.0,False,True
3,0,1,27.0,0,0,8.6625,10.0,155.0,False,True
3,0,0,2.0,0,1,10.4625,10.0,155.0,False,True
3,0,0,29.0,1,1,10.4625,10.0,155.0,False,True
3,1,1,16.0,0,0,8.05,10.0,155.0,False,True
3,1,1,44.0,0,0,7.925,15.0,155.0,False,True
3,0,1,25.0,0,0,7.05,10.0,155.0,False,True
3,0,1,74.0,0,0,7.775,10.0,155.0,False,True
3,1,1,14.0,0,0,9.225,13.0,155.0,False,True
3,0,1,24.0,0,0,7.7958,10.0,155.0,False,True
3,1,1,25.0,0,0,7.7958,10.0,155.0,False,True
3,0,1,34.0,0,0,8.05,10.0,176.0,False,True
3,1,1,0.4167,0,1,8.5167,16.0,155.0,False,False
3,0,1,28.0,1,0,6.4375,10.0,155.0,False,False
3,0,1,28.0,0,0,6.4375,10.0,155.0,False,False
3,0,1,28.0,0,0,7.225,10.0,155.0,False,False
3,1,0,16.0,1,1,8.5167,14.0,155.0,False,False
3,0,1,28.0,0,0,8.05,10.0,155.0,False,True
3,0,1,28.0,1,0,16.1,10.0,155.0,False,True
3,1,0,28.0,1,0,16.1,10.0,155.0,False,True
3,0,1,32.0,0,0,7.925,10.0,155.0,False,True
3,0,1,28.0,0,0,7.75,10.0,155.0,True,False
3,0,1,28.0,0,0,7.8958,10.0,155.0,False,True
3,0,1,30.5,0,0,8.05,10.0,50.0,False,True
3,0,1,44.0,0,0,8.05,10.0,155.0,False,True
3,0,1,28.0,0,0,7.2292,10.0,155.0,False,False
3,1,1,25.0,0,0,0.0,15.0,155.0,False,True
3,0,1,28.0,0,0,7.2292,10.0,155.0,False,False
3,1,1,7.0,1,1,15.2458,10.0,155.0,False,False
3,1,0,9.0,1,1,15.2458,10.0,155.0,False,False
3,1,0,29.0,0,2,15.2458,10.0,155.0,False,False
3,0,1,36.0,0,0,7.8958,10.0,155.0,False,True
3,1,0,18.0,0,0,9.8417,15.0,155.0,False,True
3,1,0,63.0,0,0,9.5875,15.0,155.0,False,True
3,0,1,28.0,1,1,14.5,10.0,155.0,False,True
3,0,1,11.5,1,1,14.5,10.0,1.0,False,True
3,0,1,40.5,0,2,14.5,10.0,255.0,False,True
3,0,0,10.0,0,2,24.15,10.0,155.0,False,True
3,0,1,36.0,1,1,24.15,10.0,155.0,False,True
3,0,0,30.0,1,1,24.15,10.0,155.0,False,True
3,0,1,28.0,0,0,9.5,10.0,155.0,False,True
3,0,1,33.0,0,0,9.5,10.0,155.0,False,True
3,0,1,28.0,0,0,9.5,10.0,155.0,False,True
3,0,1,28.0,0,0,9.5,10.0,155.0,False,True
3,0,1,47.0,0,0,9.0,10.0,155.0,False,True
3,0,0,18.0,2,0,18.0,10.0,155.0,False,True
3,0,1,31.0,3,0,18.0,10.0,155.0,False,True
3,0,1,16.0,2,0,18.0,10.0,155.0,False,True
3,0,0,31.0,1,0,18.0,10.0,155.0,False,True
3,1,1,22.0,0,0,7.225,10.0,155.0,False,False
3,0,1,20.0,0,0,7.8542,10.0,155.0,False,True
3,0,0,14.0,0,0,7.8542,10.0,155.0,False,True
3,0,1,22.0,0,0,7.8958,10.0,155.0,False,True
3,0,1,22.0,0,0,9.0,10.0,155.0,False,True
3,0,1,28.0,0,0,8.05,10.0,155.0,False,True
3,0,1,28.0,0,0,7.55,10.0,155.0,False,True
3,0,1,28.0,0,0,8.05,10.0,155.0,False,True
3,0,1,32.5,0,0,9.5,10.0,298.0,False,True
3,1,0,38.0,0,0,7.2292,10.0,155.0,False,False
3,0,1,51.0,0,0,7.75,10.0,155.0,False,True
3,0,1,18.0,1,0,6.4958,10.0,314.0,False,True
3,0,1,21.0,1,0,6.4958,10.0,155.0,False,True
3,1,0,47.0,1,0,7.0,10.0,155.0,False,True
3,0,1,28.0,0,0,8.7125,10.0,155.0,False,True
3,0,1,28.0,0,0,7.55,10.0,155.0,False,True
3,0,1,28.0,0,0,8.05,10.0,155.0,False,True
3,0,1,28.5,0,0,16.1,10.0,14.0,False,True
3,0,1,21.0,0,0,7.25,10.0,155.0,False,True
3,0,1,27.0,0,0,8.6625,10.0,131.0,False,True
3,0,1,28.0,0,0,7.25,10.0,155.0,False,True
3,0,1,36.0,0,0,9.5,10.0,155.0,False,True
3,0,1,27.0,1,0,14.4542,10.0,155.0,False,False
3,1,0,15.0,1,0,14.4542,10.0,155.0,False,False
3,0,1,45.5,0,0,7.225,10.0,312.0,False,False
3,0,1,28.0,0,0,7.225,10.0,155.0,False,False
3,0,1,28.0,0,0,14.4583,10.0,155.0,False,False
3,0,0,14.5,1,0,14.4542,10.0,328.0,False,False
3,0,0,28.0,1,0,14.4542,10.0,155.0,False,False
3,0,1,26.5,0,0,7.225,10.0,304.0,False,False
3,0,1,27.0,0,0,7.225,10.0,155.0,False,False
3,0,1,29.0,0,0,7.875,10.0,155.0,False,True
